what,kind,bundleId,bundleVersion,description,time
started,bundle,org.eclipse.emf.edit,2.5.0.v200906151043,"org.eclipse.emf.edit",1318780566830
started,bundle,org.eclipse.emf.edit.ui,2.5.0.v200906151043,"org.eclipse.emf.edit.ui",1318780566830
started,bundle,org.eclipse.epp.usagedata.gathering,1.1.1.R201001291118,"org.eclipse.epp.usagedata.gathering",1318780566830
started,bundle,org.eclipse.epp.usagedata.recording,1.1.1.R201001291118,"org.eclipse.epp.usagedata.recording",1318780566830
started,bundle,org.eclipse.equinox.app,1.2.1.R35x_v20091203,"org.eclipse.equinox.app",1318780566830
started,bundle,org.eclipse.equinox.common,3.5.1.R35x_v20090807-1100,"org.eclipse.equinox.common",1318780566830
started,bundle,org.eclipse.equinox.ds,1.1.1.R35x_v20090806,"org.eclipse.equinox.ds",1318780566830
started,bundle,org.eclipse.equinox.frameworkadmin,1.0.100.v20090520-1905,"org.eclipse.equinox.frameworkadmin",1318780566830
started,bundle,org.eclipse.equinox.frameworkadmin.equinox,1.0.101.R35x_v20091214,"org.eclipse.equinox.frameworkadmin.equinox",1318780566830
started,bundle,org.eclipse.equinox.p2.core,1.0.101.R35x_v20090819,"org.eclipse.equinox.p2.core",1318780566830
started,bundle,org.eclipse.equinox.p2.director,1.0.101.R35x_v20100112,"org.eclipse.equinox.p2.director",1318780566830
started,bundle,org.eclipse.equinox.p2.directorywatcher,1.0.100.v20090525,"org.eclipse.equinox.p2.directorywatcher",1318780566830
started,bundle,org.eclipse.equinox.p2.engine,1.0.102.R35x_v20091117,"org.eclipse.equinox.p2.engine",1318780566830
started,bundle,org.eclipse.equinox.p2.exemplarysetup,1.0.100.v20090520-1905,"org.eclipse.equinox.p2.exemplarysetup",1318780566830
started,bundle,org.eclipse.equinox.p2.garbagecollector,1.0.100.v20090520-1905,"org.eclipse.equinox.p2.garbagecollector",1318780566830
started,bundle,org.eclipse.equinox.p2.metadata.repository,1.0.101.R35x_v20090812,"org.eclipse.equinox.p2.metadata.repository",1318780566830
started,bundle,org.eclipse.equinox.p2.reconciler.dropins,1.0.100.v20090520-1905,"org.eclipse.equinox.p2.reconciler.dropins",1318780566830
started,bundle,org.eclipse.equinox.p2.repository,1.0.1.R35x_v20100105,"org.eclipse.equinox.p2.repository",1318780566830
started,bundle,org.eclipse.equinox.p2.ui.sdk.scheduler,1.0.0.v20090520-1905,"org.eclipse.equinox.p2.ui.sdk.scheduler",1318780566830
started,bundle,org.eclipse.equinox.p2.updatechecker,1.1.0.v20090520-1905,"org.eclipse.equinox.p2.updatechecker",1318780566830
started,bundle,org.eclipse.equinox.preferences,3.2.301.R35x_v20091117,"org.eclipse.equinox.preferences",1318780566830
started,bundle,org.eclipse.equinox.registry,3.4.100.v20090520-1800,"org.eclipse.equinox.registry",1318780566830
started,bundle,org.eclipse.equinox.security,1.0.100.v20090520-1800,"org.eclipse.equinox.security",1318780566830
started,bundle,org.eclipse.equinox.simpleconfigurator.manipulator,1.0.101.R35x_v20100209,"org.eclipse.equinox.simpleconfigurator.manipulator",1318780566830
started,bundle,org.eclipse.equinox.util,1.0.100.v20090520-1800,"org.eclipse.equinox.util",1318780566830
started,bundle,org.eclipse.help,3.4.1.v20090805_35x,"org.eclipse.help",1318780566830
started,bundle,org.eclipse.jdt.core,3.5.2.v_981_R35x,"org.eclipse.jdt.core",1318780566845
started,bundle,org.eclipse.jdt.core.manipulation,1.3.0.v20090603,"org.eclipse.jdt.core.manipulation",1318780566845
started,bundle,org.eclipse.jdt.launching,3.5.1.v20100108_r352,"org.eclipse.jdt.launching",1318780566845
started,bundle,org.eclipse.jdt.ui,3.5.2.r352_v20100106-0800,"org.eclipse.jdt.ui",1318780566845
started,bundle,org.eclipse.jem,2.0.301.v201001252130,"org.eclipse.jem",1318780566845
started,bundle,org.eclipse.jem.util,2.0.201.v201001252130,"org.eclipse.jem.util",1318780566845
started,bundle,org.eclipse.jem.workbench,2.0.201.v200911302230,"org.eclipse.jem.workbench",1318780566845
started,bundle,org.eclipse.jface,3.5.2.M20100120-0800,"org.eclipse.jface",1318780566845
started,bundle,org.eclipse.jpt.core,2.2.1.v200908270220,"org.eclipse.jpt.core",1318780566861
started,bundle,org.eclipse.jpt.eclipselink.core,1.2.0.v200905310000,"org.eclipse.jpt.eclipselink.core",1318780566861
started,bundle,org.eclipse.jsch.core,1.1.100.I20090430-0408,"org.eclipse.jsch.core",1318780566861
started,bundle,org.eclipse.jst.common.frameworks,1.1.301.v201001252130,"org.eclipse.jst.common.frameworks",1318780566861
started,bundle,org.eclipse.jst.common.project.facet.core,1.4.1.v200911141836,"org.eclipse.jst.common.project.facet.core",1318780566861
started,bundle,org.eclipse.jst.j2ee,1.1.301.v201001272230,"org.eclipse.jst.j2ee",1318780566861
started,bundle,org.eclipse.jst.j2ee.core,1.1.301.v200911302230,"org.eclipse.jst.j2ee.core",1318780566861
started,bundle,org.eclipse.jst.j2ee.navigator.ui,1.1.301.v201001252130,"org.eclipse.jst.j2ee.navigator.ui",1318780566861
started,bundle,org.eclipse.jst.j2ee.ui,1.1.301.v201001252130,"org.eclipse.jst.j2ee.ui",1318780566861
started,bundle,org.eclipse.jst.j2ee.web,1.1.301.v200911302230,"org.eclipse.jst.j2ee.web",1318780566861
started,bundle,org.eclipse.jst.j2ee.webservice,1.1.300.v200901220600,"org.eclipse.jst.j2ee.webservice",1318780566861
started,bundle,org.eclipse.jst.j2ee.webservice.ui,1.1.300.v200902052230,"org.eclipse.jst.j2ee.webservice.ui",1318780566861
started,bundle,org.eclipse.jst.jee,1.0.201.v201002021055,"org.eclipse.jst.jee",1318780566861
started,bundle,org.eclipse.jst.jee.ui,1.0.201.v201002021208,"org.eclipse.jst.jee.ui",1318780566861
started,bundle,org.eclipse.jst.jsf.common,1.1.9.v201001271707,"org.eclipse.jst.jsf.common",1318780566861
started,bundle,org.eclipse.jst.jsf.core,1.2.5.v201001271707,"org.eclipse.jst.jsf.core",1318780566861
started,bundle,org.eclipse.jst.server.core,1.2.1.v20100127,"org.eclipse.jst.server.core",1318780566861
started,bundle,org.eclipse.search,3.5.1.r351_v20090708-0800,"org.eclipse.search",1318780566861
started,bundle,org.eclipse.team.core,3.5.1.r35x_20100113-0800,"org.eclipse.team.core",1318780566861
started,bundle,org.eclipse.team.cvs.core,3.3.200.I20090430-0408,"org.eclipse.team.cvs.core",1318780566861
started,bundle,org.eclipse.team.cvs.ui,3.3.202.r35x_20090930-0800,"org.eclipse.team.cvs.ui",1318780566861
started,bundle,org.eclipse.team.ui,3.5.0.I20090430-0408,"org.eclipse.team.ui",1318780566861
started,bundle,org.eclipse.ui,3.5.2.M20100120-0800,"org.eclipse.ui",1318780566861
started,bundle,org.eclipse.ui.console,3.4.0.v20090513,"org.eclipse.ui.console",1318780566877
started,bundle,org.eclipse.ui.editors,3.5.0.v20090527-2000,"org.eclipse.ui.editors",1318780566877
started,bundle,org.eclipse.ui.forms,3.4.1.v20090714_35x,"org.eclipse.ui.forms",1318780566877
started,bundle,org.eclipse.ui.ide,3.5.2.M20100113-0800,"org.eclipse.ui.ide",1318780566877
started,bundle,org.eclipse.ui.navigator,3.4.2.M20100120-0800,"org.eclipse.ui.navigator",1318780566877
started,bundle,org.eclipse.ui.navigator.resources,3.4.1.M20090826-0800,"org.eclipse.ui.navigator.resources",1318780566877
started,bundle,org.eclipse.ui.net,1.2.1.r35x_20090812-1200,"org.eclipse.ui.net",1318780566877
started,bundle,org.eclipse.ui.views,3.4.1.M20090826-0800,"org.eclipse.ui.views",1318780566877
started,bundle,org.eclipse.ui.workbench,3.5.2.M20100113-0800,"org.eclipse.ui.workbench",1318780566877
started,bundle,org.eclipse.ui.workbench.texteditor,3.5.1.r352_v20100105,"org.eclipse.ui.workbench.texteditor",1318780566877
started,bundle,org.eclipse.update.configurator,3.3.0.v20090312,"org.eclipse.update.configurator",1318780566877
started,bundle,org.eclipse.update.core,3.2.300.v20090525,"org.eclipse.update.core",1318780566877
started,bundle,org.eclipse.update.scheduler,3.2.200.v20081127,"org.eclipse.update.scheduler",1318780566877
started,bundle,org.eclipse.wst.common.emf,1.1.301.v200908181930,"org.eclipse.wst.common.emf",1318780566877
started,bundle,org.eclipse.wst.common.emfworkbench.integration,1.1.301.v200908101600,"org.eclipse.wst.common.emfworkbench.integration",1318780566877
started,bundle,org.eclipse.wst.common.frameworks,1.1.300.v200904160730,"org.eclipse.wst.common.frameworks",1318780566877
started,bundle,org.eclipse.wst.common.frameworks.ui,1.1.301.v200908101600,"org.eclipse.wst.common.frameworks.ui",1318780566877
started,bundle,org.eclipse.wst.common.modulecore,1.1.301.v201001252130,"org.eclipse.wst.common.modulecore",1318780566877
started,bundle,org.eclipse.wst.common.project.facet.core,1.4.1.v200911141735,"org.eclipse.wst.common.project.facet.core",1318780566877
started,bundle,org.eclipse.wst.jsdt.core,1.0.201.v2010012803,"org.eclipse.wst.jsdt.core",1318780566877
started,bundle,org.eclipse.wst.jsdt.manipulation,1.0.100.v200809240707,"org.eclipse.wst.jsdt.manipulation",1318780566877
started,bundle,org.eclipse.wst.jsdt.ui,1.0.201.v2010012803,"org.eclipse.wst.jsdt.ui",1318780566877
started,bundle,org.eclipse.wst.jsdt.web.core,1.0.201.v201001221931,"org.eclipse.wst.jsdt.web.core",1318780566877
started,bundle,org.eclipse.wst.server.core,1.1.102.v20100123,"org.eclipse.wst.server.core",1318780566892
started,bundle,org.eclipse.wst.server.ui,1.1.103.v20100123,"org.eclipse.wst.server.ui",1318780566892
started,bundle,org.eclipse.wst.sse.core,1.1.402.v201001251516,"org.eclipse.wst.sse.core",1318780566892
started,bundle,org.eclipse.wst.validation,1.2.104.v200911120201,"org.eclipse.wst.validation",1318780566892
started,bundle,org.eclipse.wst.web,1.1.301.v200911302230,"org.eclipse.wst.web",1318780566892
started,bundle,org.eclipse.wst.ws.service.policy.ui,1.0.102.v200903070248,"org.eclipse.wst.ws.service.policy.ui",1318780566892
started,bundle,org.eclipse.wst.xml.core,1.1.402.v201001222130,"org.eclipse.wst.xml.core",1318780566892
started,bundle,org.eclipse.mylyn.bugzilla.core,3.6.2.v20110903-0100,"org.eclipse.mylyn.bugzilla.core",1318780566892
started,bundle,org.eclipse.mylyn.bugzilla.ui,3.6.0.v20110608-1400,"org.eclipse.mylyn.bugzilla.ui",1318780566892
started,bundle,org.eclipse.mylyn.commons.identity,0.8.0.v20110608-1400,"org.eclipse.mylyn.commons.identity",1318780566892
started,bundle,org.eclipse.mylyn.commons.net,3.6.0.v20110608-1400,"org.eclipse.mylyn.commons.net",1318780566892
started,bundle,org.eclipse.mylyn.commons.ui,3.6.1.v20110720-0100,"org.eclipse.mylyn.commons.ui",1318780566892
started,bundle,org.eclipse.mylyn.context.core,3.6.1.v20110720-0100,"org.eclipse.mylyn.context.core",1318780566892
started,bundle,org.eclipse.mylyn.context.ui,3.6.0.v20110608-1400,"org.eclipse.mylyn.context.ui",1318780566892
started,bundle,org.eclipse.mylyn.monitor.ui,3.6.0.v20110608-1400,"org.eclipse.mylyn.monitor.ui",1318780566892
started,bundle,org.eclipse.mylyn.tasks.ui,3.6.2.v20110826-0100,"org.eclipse.mylyn.tasks.ui",1318780566892
started,bundle,org.eclipse.mylyn.team.ui,3.6.1.v20110825-0100,"org.eclipse.mylyn.team.ui",1318780566892
started,bundle,org.maven.ide.eclipse,0.12.1.20110112-1712,"org.maven.ide.eclipse",1318780566892
started,bundle,org.maven.ide.eclipse.jdt,0.12.1.20110112-1712,"org.maven.ide.eclipse.jdt",1318780566892
started,bundle,org.maven.ide.eclipse.maven_model_edit,0.12.1.20110112-1712,"org.maven.ide.eclipse.maven_model_edit",1318780566892
started,bundle,oracle.eclipse.tools.common,2.5.0.201007221355,"oracle.eclipse.tools.common",1318780566892
started,bundle,oracle.eclipse.tools.common.ui,2.5.0.201007221355,"oracle.eclipse.tools.common.ui",1318780566892
started,bundle,oracle.eclipse.tools.common.upgrade,2.5.0.201007221355,"oracle.eclipse.tools.common.upgrade",1318780566892
started,bundle,oracle.eclipse.tools.envcheck,2.5.0.201007221355,"oracle.eclipse.tools.envcheck",1318780566892
started,bundle,oracle.eclipse.tools.sapphire.modeling,2.5.0.201007221355,"oracle.eclipse.tools.sapphire.modeling",1318780566892
started,bundle,oracle.eclipse.tools.weblogic,2.5.0.201007221355,"oracle.eclipse.tools.weblogic",1318780566892
started,bundle,oracle.eclipse.tools.weblogic.ui,2.5.0.201007221355,"oracle.eclipse.tools.weblogic.ui",1318780566892
started,bundle,oracle.eclipse.tools.xmlbeans,2.5.0.201007221355,"oracle.eclipse.tools.xmlbeans",1318780566892
os,sysinfo,,,"win32",1318780566908
arch,sysinfo,,,"x86",1318780566908
ws,sysinfo,,,"win32",1318780566908
locale,sysinfo,,,"en_US",1318780566908
processors,sysinfo,,,"4",1318780566908
java.runtime.name,sysinfo,,,"Java(TM) SE Runtime Environment",1318780566908
java.runtime.version,sysinfo,,,"1.6.0_24-b07",1318780566908
java.specification.name,sysinfo,,,"Java Platform API Specification",1318780566908
java.specification.vendor,sysinfo,,,"Sun Microsystems Inc.",1318780566908
java.specification.version,sysinfo,,,"1.6",1318780566908
java.vendor,sysinfo,,,"Sun Microsystems Inc.",1318780566908
java.version,sysinfo,,,"1.6.0_24",1318780566908
java.vm.info,sysinfo,,,"mixed mode",1318780566908
java.vm.name,sysinfo,,,"Java HotSpot(TM) Client VM",1318780566908
java.vm.specification.name,sysinfo,,,"Java Virtual Machine Specification",1318780566908
java.vm.specification.vendor,sysinfo,,,"Sun Microsystems Inc.",1318780566908
java.vm.specification.version,sysinfo,,,"1.0",1318780566908
java.vm.vendor,sysinfo,,,"Sun Microsystems Inc.",1318780566908
java.vm.version,sysinfo,,,"19.1-b02",1318780566908
started,bundle,org.eclipse.jdt.apt.core,3.3.202.R35x_v20091130-2300,"org.eclipse.jdt.apt.core",1318780567173
started,bundle,org.eclipse.jdt.apt.pluggable.core,1.0.201.R35x_v20090925-1100,"org.eclipse.jdt.apt.pluggable.core",1318780567173
started,bundle,org.eclipse.wst.dtd.core,1.1.300.v200904181727,"org.eclipse.wst.dtd.core",1318780567563
started,bundle,org.eclipse.wst.sse.ui,1.1.102.v200910200227,"org.eclipse.wst.sse.ui",1318780567563
started,bundle,org.eclipse.wst.html.ui,1.0.401.v200908111935,"org.eclipse.wst.html.ui",1318780567594
started,bundle,org.eclipse.jst.jsp.core,1.2.204.v201001270045,"org.eclipse.jst.jsp.core",1318780567610
started,bundle,org.eclipse.wst.xsd.core,1.1.401.v200903020335,"org.eclipse.wst.xsd.core",1318780567625
started,bundle,org.eclipse.wst.xsl.core,1.0.1.v200908101420,"org.eclipse.wst.xsl.core",1318780567625
started,bundle,org.eclipse.wst.wsi.ui,1.0.500.v200901141851,"org.eclipse.wst.wsi.ui",1318780567641
activated,workbench,org.eclipse.ui.workbench,3.5.2.M20100113-0800,"",1318780569378
started,bundle,org.eclipse.jst.j2ee.ejb,1.1.301.v201001252130,"org.eclipse.jst.j2ee.ejb",1318780571547
started,bundle,org.eclipse.jst.j2ee.jca,1.1.301.v201001252130,"org.eclipse.jst.j2ee.jca",1318780571547
started,bundle,org.eclipse.jst.jee.ejb,1.0.201.v201002021057,"org.eclipse.jst.jee.ejb",1318780571843
started,bundle,org.eclipse.jst.jee.web,1.0.201.v201002031231,"org.eclipse.jst.jee.web",1318780571843
started,bundle,org.eclipse.xsd,2.5.0.v200906151043,"org.eclipse.xsd",1318780571890
started,bundle,org.eclipse.jst.servlet.ui,1.1.301.v200908101600,"org.eclipse.jst.servlet.ui",1318780572108
started,bundle,oracle.eclipse.tools.webservices.ui,2.5.0.201007221355,"oracle.eclipse.tools.webservices.ui",1318780575228
started,bundle,oracle.eclipse.tools.webservices,2.5.0.201007221355,"oracle.eclipse.tools.webservices",1318780575244
activated,view,org.eclipse.wst.server.ui,1.1.103.v20100123,"org.eclipse.wst.server.ui.ServersView",1318780588051
executed,command,org.eclipse.wst.server.ui,1.1.103.v20100123,"org.eclipse.wst.server.run",1318780591624
started,bundle,org.eclipse.debug.ui,3.5.2.v20091028_r352,"org.eclipse.debug.ui",1318780591749
started,bundle,org.eclipse.jdt.debug,3.5.0.v20090526,"org.eclipse.jdt.debug",1318780592029
started,bundle,org.eclipse.core.variables,3.2.200.v20090521,"org.eclipse.core.variables",1318780594931
activated,view,org.eclipse.ui.console,3.4.0.v20090513,"org.eclipse.ui.console.ConsoleView",1318780595227
activated,view,org.eclipse.wst.server.ui,1.1.103.v20100123,"org.eclipse.wst.server.ui.ServersView",1318780598333
activated,view,org.eclipse.ui.console,3.4.0.v20090513,"org.eclipse.ui.console.ConsoleView",1318780598490
started,bundle,org.eclipse.ui.views.log,1.0.100.v20090731,"org.eclipse.ui.views.log",1318780605305
opened,view,org.eclipse.ui.views.log,1.0.100.v20090731,"org.eclipse.pde.runtime.LogView",1318780605742
activated,view,org.eclipse.ui.views.log,1.0.100.v20090731,"org.eclipse.pde.runtime.LogView",1318780605773
activated,view,org.eclipse.ui.console,3.4.0.v20090513,"org.eclipse.ui.console.ConsoleView",1318780606804
activated,view,org.eclipse.ui.views.log,1.0.100.v20090731,"org.eclipse.pde.runtime.LogView",1318780612579
activated,view,org.eclipse.wst.server.ui,1.1.103.v20100123,"org.eclipse.wst.server.ui.ServersView",1318780614468
activated,view,org.eclipse.ui.views.log,1.0.100.v20090731,"org.eclipse.pde.runtime.LogView",1318780616777
activated,view,org.eclipse.wst.server.ui,1.1.103.v20100123,"org.eclipse.wst.server.ui.ServersView",1318780616917
started,bundle,org.eclipse.ant.ui,3.4.2.v20091204_r352,"org.eclipse.ant.ui",1318780617073
started,bundle,org.eclipse.datatools.sqltools.routineeditor.ui,1.0.0.v200906022302,"org.eclipse.datatools.sqltools.routineeditor.ui",1318780617089
started,bundle,org.eclipse.datatools.connectivity.sqm.core,1.1.1.v201001180200,"org.eclipse.datatools.connectivity.sqm.core",1318780617120
started,bundle,org.eclipse.datatools.connectivity,1.1.3.v201001230803,"org.eclipse.datatools.connectivity",1318780617120
started,bundle,org.eclipse.datatools.modelbase.sql,1.0.3.v200912150851,"org.eclipse.datatools.modelbase.sql",1318780617136
started,bundle,org.eclipse.datatools.sqltools.editor.core,1.0.0.v201001150815,"org.eclipse.datatools.sqltools.editor.core",1318780617604
started,bundle,org.eclipse.datatools.enablement.ingres.ui,1.0.0.v200906111150,"org.eclipse.datatools.enablement.ingres.ui",1318780617604
started,bundle,org.eclipse.jdt.junit,3.5.2.r352_v20100113-0800,"org.eclipse.jdt.junit",1318780617604
started,bundle,org.eclipse.datatools.enablement.sybase.asa.schemaobjecteditor.examples,2.5.0.200810071,"org.eclipse.datatools.enablement.sybase.asa.schemaobjecteditor.examples",1318780617604
started,bundle,org.eclipse.datatools.sqltools.db.generic,1.0.0.v200906020900,"org.eclipse.datatools.sqltools.db.generic",1318780617697
started,bundle,org.eclipse.datatools.enablement.sybase.ase,1.0.1.v200906020900,"org.eclipse.datatools.enablement.sybase.ase",1318780617697
started,bundle,org.eclipse.jem.proxy,2.0.201.v200908101600,"org.eclipse.jem.proxy",1318780617697
started,bundle,org.eclipse.datatools.sqltools.db.derby,1.0.0.v200906020900,"org.eclipse.datatools.sqltools.db.derby",1318780617713
started,bundle,org.eclipse.datatools.enablement.sybase.asa.models,1.0.0.v200906020900,"org.eclipse.datatools.enablement.sybase.asa.models",1318780617791
started,bundle,org.eclipse.jst.server.generic.core,1.0.506.v20090817,"org.eclipse.jst.server.generic.core",1318780617791
started,bundle,org.eclipse.jst.server.preview.adapter,1.1.0.v20090311b,"org.eclipse.jst.server.preview.adapter",1318780617791
started,bundle,org.eclipse.jst.server.tomcat.core,1.1.106.v20090814,"org.eclipse.jst.server.tomcat.core",1318780617822
started,bundle,org.eclipse.datatools.enablement.sybase.models,1.0.0.v200906020900,"org.eclipse.datatools.enablement.sybase.models",1318780617838
started,bundle,org.eclipse.pde.ui,3.5.1.v201001121200,"org.eclipse.pde.ui",1318780617869
started,bundle,org.eclipse.ui.externaltools,3.2.0.v20090504,"org.eclipse.ui.externaltools",1318780617884
started,bundle,org.eclipse.wst.server.preview.adapter,1.1.0.v20090311b,"org.eclipse.wst.server.preview.adapter",1318780617884
started,bundle,org.eclipse.mylyn.java.ui,3.6.0.v20110608-1400,"org.eclipse.mylyn.java.ui",1318780617900
started,bundle,org.maven.ide.eclipse.launching,0.12.1.20110112-1712,"org.maven.ide.eclipse.launching",1318780617900
activated,view,org.eclipse.ui.views.log,1.0.100.v20090731,"org.eclipse.pde.runtime.LogView",1318780617994
activated,view,org.eclipse.wst.server.ui,1.1.103.v20100123,"org.eclipse.wst.server.ui.ServersView",1318780620942
activated,view,org.eclipse.ui.views.log,1.0.100.v20090731,"org.eclipse.pde.runtime.LogView",1318780621020
activated,view,org.eclipse.wst.server.ui,1.1.103.v20100123,"org.eclipse.wst.server.ui.ServersView",1318780622347
activated,view,org.eclipse.ui.views.log,1.0.100.v20090731,"org.eclipse.pde.runtime.LogView",1318780622409
activated,view,org.eclipse.ui.console,3.4.0.v20090513,"org.eclipse.ui.console.ConsoleView",1318780622456
error,log,,,"Module named '_auto_generated_ear_' failed to deploy. See Error Log view for more detail.",1318780622878
activated,view,org.eclipse.ui.views.log,1.0.100.v20090731,"org.eclipse.pde.runtime.LogView",1318780622941
activated,view,org.eclipse.wst.server.ui,1.1.103.v20100123,"org.eclipse.wst.server.ui.ServersView",1318780624672
opened,editor,org.eclipse.wst.server.ui,1.1.103.v20100123,"org.eclipse.wst.server.ui.editor",1318780628947
activated,editor,org.eclipse.wst.server.ui,1.1.103.v20100123,"org.eclipse.wst.server.ui.editor",1318780628947
started,bundle,org.eclipse.ui.browser,3.2.301.v20091215_35x,"org.eclipse.ui.browser",1318780634220
opened,editor,org.eclipse.ui.browser,3.2.301.v20091215_35x,"org.eclipse.ui.browser.editor",1318780634766
activated,editor,org.eclipse.ui.browser,3.2.301.v20091215_35x,"org.eclipse.ui.browser.editor",1318780634781
activated,view,org.eclipse.ui.navigator.resources,3.4.1.M20090826-0800,"org.eclipse.ui.navigator.ProjectExplorer",1318780704515
started,bundle,org.eclipse.wst.ws.service.policy,1.0.103.v200905151848,"org.eclipse.wst.ws.service.policy",1318780709554
started,bundle,org.eclipse.wst.command.env,1.0.408.v200903110045,"org.eclipse.wst.command.env",1318780709585
started,bundle,org.eclipse.wst.ws,1.1.103.v200903111822,"org.eclipse.wst.ws",1318780709585
started,bundle,org.eclipse.ltk.core.refactoring,3.5.0.v20090513-2000,"org.eclipse.ltk.core.refactoring",1318780709679
started,bundle,org.eclipse.ltk.ui.refactoring,3.4.101.r352_v20100209,"org.eclipse.ltk.ui.refactoring",1318780709944
started,bundle,org.maven.ide.eclipse.editor,0.12.1.20110112-1712,"org.maven.ide.eclipse.editor",1318780709975
started,bundle,org.maven.ide.eclipse.refactoring,0.12.1.20110112-1712,"org.maven.ide.eclipse.refactoring",1318780709991
started,bundle,org.eclipse.compare,3.5.2.r35x_20100113-0800,"org.eclipse.compare",1318780710022
deactivated,workbench,org.eclipse.ui.workbench,3.5.2.M20100113-0800,"",1318780715154
started,bundle,org.eclipse.wst.server.http.core,1.0.200.v20090429,"org.eclipse.wst.server.http.core",1318780715217
activated,workbench,org.eclipse.ui.workbench,3.5.2.M20100113-0800,"",1318780723048
executed,command,org.eclipse.wst.server.ui,1.1.103.v20100123,"org.eclipse.wst.server.launchShortcut.run",1318780723079
error,log,,,"Module named '_auto_generated_ear_' failed to deploy. See Error Log view for more detail.",1318780725437
opened,editor,org.eclipse.ui.browser,3.2.301.v20091215_35x,"org.eclipse.ui.browser.editor",1318780725624
activated,editor,org.eclipse.ui.browser,3.2.301.v20091215_35x,"org.eclipse.ui.browser.editor",1318780725640
activated,view,org.eclipse.ui.console,3.4.0.v20090513,"org.eclipse.ui.console.ConsoleView",1318780729620
opened,view,org.eclipse.ui.views,3.4.1.M20090826-0800,"org.eclipse.ui.views.ContentOutline",1318780740244
activated,view,org.eclipse.ui.navigator.resources,3.4.1.M20090826-0800,"org.eclipse.ui.navigator.ProjectExplorer",1318780744939
started,bundle,oracle.eclipse.tools.sapphire.ui,2.5.0.201007221355,"oracle.eclipse.tools.sapphire.ui",1318780745251
started,bundle,org.eclipse.wst.common.uriresolver,1.1.301.v200805140415,"org.eclipse.wst.common.uriresolver",1318780745438
started,bundle,org.eclipse.wst.xml.ui,1.1.2.v201001222130,"org.eclipse.wst.xml.ui",1318780745470
started,bundle,org.maven.ide.eclipse.editor.xml,0.12.1.20110112-1712,"org.maven.ide.eclipse.editor.xml",1318780745828
started,bundle,org.eclipse.jst.jsp.ui,1.1.401.v200908111935,"org.eclipse.jst.jsp.ui",1318780745922
started,bundle,org.eclipse.wst.internet.cache,1.0.301.v200805140020,"org.eclipse.wst.internet.cache",1318780745938
started,bundle,org.eclipse.wst.dtd.ui,1.0.400.v200904300717,"org.eclipse.wst.dtd.ui",1318780746031
started,bundle,org.eclipse.compare.core,3.5.0.I20090430-0408,"org.eclipse.compare.core",1318780746094
opened,editor,oracle.eclipse.tools.weblogic.ui,2.5.0.201007221355,"oracle.eclipse.tools.weblogic.ui.WebLogicWebModuleDescriptorEditor",1318780746281
activated,editor,oracle.eclipse.tools.weblogic.ui,2.5.0.201007221355,"oracle.eclipse.tools.weblogic.ui.WebLogicWebModuleDescriptorEditor",1318780746749
started,bundle,org.eclipse.jst.jsf.ui,1.2.3.v201001271707,"org.eclipse.jst.jsf.ui",1318780746796
started,bundle,org.eclipse.wst.wsdl.validation,1.1.402.v200911251542,"org.eclipse.wst.wsdl.validation",1318780746827
activated,view,org.eclipse.ui.navigator.resources,3.4.1.M20090826-0800,"org.eclipse.ui.navigator.ProjectExplorer",1318780755516
opened,editor,org.eclipse.wst.xml.ui,1.1.2.v201001222130,"org.eclipse.wst.xml.ui.internal.tabletree.XMLMultiPageEditorPart",1318780755859
activated,editor,org.eclipse.wst.xml.ui,1.1.2.v201001222130,"org.eclipse.wst.xml.ui.internal.tabletree.XMLMultiPageEditorPart",1318780755922
activated,view,org.eclipse.ui.console,3.4.0.v20090513,"org.eclipse.ui.console.ConsoleView",1318780777138
activated,view,org.eclipse.ui.navigator.resources,3.4.1.M20090826-0800,"org.eclipse.ui.navigator.ProjectExplorer",1318780815966
deactivated,workbench,org.eclipse.ui.workbench,3.5.2.M20100113-0800,"",1318780827432
activated,workbench,org.eclipse.ui.workbench,3.5.2.M20100113-0800,"",1318780888678
opened,editor,org.eclipse.jdt.ui,3.5.2.r352_v20100106-0800,"org.eclipse.jdt.ui.CompilationUnitEditor",1318780889083
started,bundle,org.eclipse.jdt.debug.ui,3.4.1.v20090811_r351,"org.eclipse.jdt.debug.ui",1318780889848
activated,editor,org.eclipse.jdt.ui,3.5.2.r352_v20100106-0800,"org.eclipse.jdt.ui.CompilationUnitEditor",1318780889879
activated,view,org.eclipse.ui.navigator.resources,3.4.1.M20090826-0800,"org.eclipse.ui.navigator.ProjectExplorer",1318780892235
opened,editor,org.eclipse.jdt.ui,3.5.2.r352_v20100106-0800,"org.eclipse.jdt.ui.CompilationUnitEditor",1318780892562
activated,editor,org.eclipse.jdt.ui,3.5.2.r352_v20100106-0800,"org.eclipse.jdt.ui.CompilationUnitEditor",1318780892625
executed,command,org.eclipse.ui,3.5.2.M20100120-0800,"org.eclipse.ui.edit.selectAll",1318780896696
executed,command,org.eclipse.ui,3.5.2.M20100120-0800,"org.eclipse.ui.edit.copy",1318780897632
activated,view,org.eclipse.ui.navigator.resources,3.4.1.M20090826-0800,"org.eclipse.ui.navigator.ProjectExplorer",1318780899660
activated,editor,org.eclipse.jdt.ui,3.5.2.r352_v20100106-0800,"org.eclipse.jdt.ui.CompilationUnitEditor",1318780899941
executed,command,org.eclipse.ui,3.5.2.M20100120-0800,"org.eclipse.ui.edit.paste",1318780904106
executed,command,org.eclipse.ui,3.5.2.M20100120-0800,"org.eclipse.ui.file.save",1318780917085
activated,view,org.eclipse.wst.server.ui,1.1.103.v20100123,"org.eclipse.wst.server.ui.ServersView",1318780921344
activated,editor,org.eclipse.wst.server.ui,1.1.103.v20100123,"org.eclipse.wst.server.ui.editor",1318780924168
